<?xml version="1.0" encoding="ISO-8859-1" standalone="no"?><?xml-stylesheet type="text/xsl" href="factura2.1.xsl"?><Invoice xmlns="urn:oasis:names:specification:ubl:schema:xsd:Invoice-2" xmlns:cac="urn:oasis:names:specification:ubl:schema:xsd:CommonAggregateComponents-2" xmlns:cbc="urn:oasis:names:specification:ubl:schema:xsd:CommonBasicComponents-2" xmlns:ccts="urn:oasis:names:specification:ubl:schema:xsd:CoreComponentParameters-2" xmlns:ds="http://www.w3.org/2000/09/xmldsig#" xmlns:ext="urn:oasis:names:specification:ubl:schema:xsd:CommonExtensionComponents-2" xmlns:qdt="urn:oasis:names:specification:ubl:schema:xsd:QualifiedDatatypes-2" xmlns:sac="urn:sunat:names:specification:ubl:peru:schema:xsd:SunatAggregateComponents-1" xmlns:stat="urn:oasis:names:specification:ubl:schema:xsd:DocumentStatusCode-1.0" xmlns:udt="urn:un:unece:uncefact:data:draft:UnqualifiedDataTypesSchemaModule:2">                                   <ext:UBLExtensions>      <ext:UBLExtension>         <ext:ExtensionContent>            <sac:AdditionalInformation/>         </ext:ExtensionContent>      </ext:UBLExtension>         		<ext:UBLExtension>			<ext:ExtensionContent><ds:Signature Id="SignSUNAT"><ds:SignedInfo><ds:CanonicalizationMethod Algorithm="http://www.w3.org/TR/2001/REC-xml-c14n-20010315"/><ds:SignatureMethod Algorithm="http://www.w3.org/2000/09/xmldsig#rsa-sha1"/><ds:Reference URI=""><ds:Transforms><ds:Transform Algorithm="http://www.w3.org/2000/09/xmldsig#enveloped-signature"/></ds:Transforms><ds:DigestMethod Algorithm="http://www.w3.org/2000/09/xmldsig#sha1"/><ds:DigestValue>4WYbeICYnxJZJjJFOu8Hre3aEso=</ds:DigestValue></ds:Reference></ds:SignedInfo><ds:SignatureValue>lLul7LXO0DatrlVm484WsHwI6GcZb4GDbct4wGAXQHq6lxVz8FHwfDthxpH3YygJQswCkag/v6u8&#13;hESVJFNIzv7FL92ciPidZuhXdeZwqA3pJXTyrAMjRNBUM//BqyZJ8eO2qy7BK9qDGyj3cfZIr9RD&#13;8TsBebazew/voWwnFPoiB6AYmkvWPYuda/gRsW1Ql8qjlEGG+06FyFlJENd6jM8y3f7qKB2XCyXa&#13;/2aUseTaZBnhgpu48nY2sKc59qs6q/g3o31d774yEGYdwsE2YiP9iaa167YSEvZGB5LhhrWWlYYG&#13;RBUgWvvU2fl+u4/0FtJFIr/vGcu03QDSUon+iw==</ds:SignatureValue><ds:KeyInfo><ds:X509Data><ds:X509Certificate>MIIFrjCCBJagAwIBAgIIf9Td7Evg0UswDQYJKoZIhvcNAQELBQAwRjEkMCIGA1UEAwwbTGxhbWEu&#13;cGUgU0hBMjU2IFN0YW5kYXJkIENBMREwDwYDVQQKDAhMTEFNQS5QRTELMAkGA1UEBhMCUEUwHhcN&#13;MjQwODA5MTYxNTM5WhcNMjcwODA5MTYxNTAwWjCCAVQxKzApBgNVBAkMIkFWLiBHQVJDSUxBU08g&#13;REUgTEEgVkVHQSBOUk8uIDE0NzIxIjAgBgkqhkiG9w0BCQEWE3JtZXphZ0BzdW5hdC5nb2IucGUx&#13;QTA/BgNVBAMMOFNVUEVSSU5ULiBOQUMuIERFIEFEVUFOQVMgWSBERSBBRE1JTklTVFJBQ0lPTiBU&#13;UklCVVRBUklBMRwwGgYDVQQLDBNBR0VOVEUgQVVUT01BVElaQURPMS4wLAYDVQQLDCVWYWxpZGFk&#13;byBwb3IgQUJDIElERU5USURBRCBESUdJVEFMIEVSMVQwUgYDVQQKDEtTVVBFUklOVEVOREVOQ0lB&#13;IE5BQ0lPTkFMIERFIEFEVUFOQVMgWSBERSBBRE1JTklTVFJBQ0lPTiBUUklCVVRBUklBIC0gU1VO&#13;QVQxDTALBgNVBAcMBExJTUExCzAJBgNVBAYTAlBFMIIBIjANBgkqhkiG9w0BAQEFAAOCAQ8AMIIB&#13;CgKCAQEA1apapJOwMj9tBpgKAgjRwIloUk+xwvQZxc0s/4yl4mDSrc/F/PKZ3QBmKb43fFwivqPU&#13;vsr68fQTfyLKM14B+xXwlbQ/yh3+87sMyulLhOPmtSOU0PE8Rw0PsmGVxf1L0HPAPc3Gvuhq4Z9D&#13;x5ByED6s+VppDmncvctlJ/NrzYZCk9H91OinTTPVZrDtbmqnOYra8PaTRoCI9Fmndeo9Oo7esM7K&#13;VX9f53NEd/mNQqzAOrgSXthFuBZN7zOsGxJ4ZGrVzHSlCH/jFLgObEizHrqisgL1cxKj8QvbGLUj&#13;NtUuTvR5IY6hwRLCxbliTa84BN10E0jC7hhAnnuEIAFJiwIDAQABo4IBjjCCAYowDAYDVR0TAQH/&#13;BAIwADAfBgNVHSMEGDAWgBRdiFut62X7/mii5NlvPVdyou8rmTBnBggrBgEFBQcBAQRbMFkwNQYI&#13;KwYBBQUHMAKGKWh0dHA6Ly9jcnQubGxhbWEucGUvbGxhbWFwZXN0YW5kYXJkY2EuY2VyMCAGCCsG&#13;AQUFBzABhhRodHRwOi8vb2NzcC5sbGFtYS5wZTAeBgNVHREEFzAVgRNybWV6YWdAc3VuYXQuZ29i&#13;LnBlMEYGA1UdIAQ/MD0wOwYNKwYBBAGDl3cAAQADATAqMCgGCCsGAQUFBwIBFhxodHRwczovL2xs&#13;YW1hLnBlL3JlcG9zaXRvcnkvMB0GA1UdJQQWMBQGCCsGAQUFBwMCBggrBgEFBQcDBDA6BgNVHR8E&#13;MzAxMC+gLaArhilodHRwOi8vY3JsLmxsYW1hLnBlL2xsYW1hcGVzdGFuZGFyZGNhLmNybDAdBgNV&#13;HQ4EFgQUuRkPCyM25gAu5se9GraC/UO07X8wDgYDVR0PAQH/BAQDAgbAMA0GCSqGSIb3DQEBCwUA&#13;A4IBAQBC8+YM7moZ7bKYCS+VzJ8wzydSboWeNuAs2CfkhI8hRMQr1r5WZg8pDlroCslF/r6Sjbkr&#13;juDHcGKJTM2riGEjlOD4CLU9VjOP7Td6CIZyJRLaz63pZYOwE0H0weG/PvYpopDZzJ6AXYzZxwYk&#13;J03/x/vwaCss9ZvmsEn2E1xtGbnMe9MEsg8oF0ul3uRn8Qy5gF37fM7YKuF/r4iBS5uSvBcA5J2F&#13;bI/PQls7OgICDyb3W16GeluaT9krY5wQxilJSpGVU++nv5NzmRHkquH3ic2It/KP6MZ9X2tfg6Fh&#13;pF6JaUz7MSY+J0KnDDcfJlhxgnkgoT5tV3Sr6z5PpQH6</ds:X509Certificate></ds:X509Data></ds:KeyInfo></ds:Signature></ext:ExtensionContent>		</ext:UBLExtension>	</ext:UBLExtensions>   <cbc:UBLVersionID>2.1</cbc:UBLVersionID>   <cbc:CustomizationID>2.0</cbc:CustomizationID>   <cbc:ID>E001-206</cbc:ID>   <cbc:IssueDate>2026-01-18</cbc:IssueDate>   <cbc:IssueTime>11:57:54.0Z</cbc:IssueTime>      <cbc:InvoiceTypeCode listAgencyName="PE:SUNAT" listID="0101" listName="Tipo de Documento" listSchemeURI="urn:pe:gob:sunat:cpe:see:gem:catalogos:catalogo51" listURI="urn:pe:gob:sunat:cpe:see:gem:catalogos:catalogo01" name="Tipo de Operacion">01</cbc:InvoiceTypeCode>      <cbc:Note languageLocaleID="1000"><![CDATA[SON:   NOVENTA Y 01/100  SOLES]]></cbc:Note>      <cbc:DocumentCurrencyCode listAgencyName="United Nations Economic Commission for Europe" listID="ISO 4217 Alpha" listName="Currency">PEN</cbc:DocumentCurrencyCode>      <cac:Signature>      <cbc:ID>E001-206</cbc:ID>      <cac:SignatoryParty>         <cac:PartyName>            <cbc:Name>SUNAT</cbc:Name>         </cac:PartyName>      </cac:SignatoryParty>      <cac:DigitalSignatureAttachment>         <cac:ExternalReference>            <cbc:URI>SignSUNAT</cbc:URI>         </cac:ExternalReference>      </cac:DigitalSignatureAttachment>   </cac:Signature>   <cac:AccountingSupplierParty>      <cac:Party>         <cac:PartyIdentification>            <cbc:ID schemeAgencyName="PE:SUNAT" schemeID="6" schemeName="Documento de Identidad" schemeURI="urn:pe:gob:sunat:cpe:see:gem:catalogos:catalogo06">10416491033</cbc:ID>         </cac:PartyIdentification>         <cac:PartyName>            <cbc:Name><![CDATA[-]]></cbc:Name>         </cac:PartyName>         <cac:PartyLegalEntity>            <cbc:RegistrationName><![CDATA[ESCOBAL ENCISO SELENA]]></cbc:RegistrationName>            <cac:RegistrationAddress>               <cbc:ID schemeAgencyName="PE:INEI" schemeName="Ubigeos">150115</cbc:ID>               <cbc:AddressTypeCode listAgencyName="PE:SUNAT" listName="Establecimientos anexos">0000</cbc:AddressTypeCode>                    <cbc:CitySubdivisionName>-</cbc:CitySubdivisionName>               <cbc:CityName><![CDATA[LIMA]]></cbc:CityName>               <cbc:CountrySubentity><![CDATA[LIMA]]></cbc:CountrySubentity>                <cbc:District><![CDATA[LA VICTORIA]]></cbc:District>               <cac:AddressLine>                  <cbc:Line><![CDATA[PROLOG.GAMARRA 789 008 SOTANO GALERIA SANTA ROSA ]]></cbc:Line>               </cac:AddressLine>               <cac:Country>                  <cbc:IdentificationCode listAgencyName="United Nations Economic Commission for Europe" listID="ISO 3166-1" listName="Country">PE</cbc:IdentificationCode>               </cac:Country>            </cac:RegistrationAddress>         </cac:PartyLegalEntity>      </cac:Party>   </cac:AccountingSupplierParty>   <cac:AccountingCustomerParty>      <cac:Party>         <cac:PartyIdentification>            <cbc:ID schemeAgencyName="PE:SUNAT" schemeID="6" schemeName="Documento de Identidad" schemeURI="urn:pe:gob:sunat:cpe:see:gem:catalogos:catalogo06">20614992035</cbc:ID>         </cac:PartyIdentification>         <cac:PartyLegalEntity>                        <cbc:RegistrationName><![CDATA[TRANS MACJEIT S.A.C.S.]]></cbc:RegistrationName>                             </cac:PartyLegalEntity>      </cac:Party>   </cac:AccountingCustomerParty>            <cac:TaxTotal>      <cbc:TaxAmount currencyID="PEN">13.73</cbc:TaxAmount>                                                                           <cac:TaxSubtotal>                 <cbc:TaxableAmount currencyID="PEN">76.28</cbc:TaxableAmount>                <cbc:TaxAmount currencyID="PEN">13.73</cbc:TaxAmount>         <cac:TaxCategory>            <cac:TaxScheme>               <cbc:ID schemeAgencyName="PE:SUNAT" schemeName="Codigo de tributos" schemeURI="urn:pe:gob:sunat:cpe:see:gem:catalogos:catalogo05">1000</cbc:ID>               <cbc:Name>IGV</cbc:Name>               <cbc:TaxTypeCode>VAT</cbc:TaxTypeCode>            </cac:TaxScheme>         </cac:TaxCategory>      </cac:TaxSubtotal>         </cac:TaxTotal>   <cac:LegalMonetaryTotal>      <cbc:LineExtensionAmount currencyID="PEN">76.28</cbc:LineExtensionAmount>      <cbc:TaxInclusiveAmount currencyID="PEN">90.01</cbc:TaxInclusiveAmount>      <cbc:AllowanceTotalAmount currencyID="PEN">0.0</cbc:AllowanceTotalAmount>      <cbc:PayableAmount currencyID="PEN">90.01</cbc:PayableAmount>   </cac:LegalMonetaryTotal>                <cac:PaymentTerms>          <cbc:ID>FormaPago</cbc:ID>          <cbc:PaymentMeansID>Contado</cbc:PaymentMeansID>             </cac:PaymentTerms>             	<cac:InvoiceLine>		<cbc:ID>1</cbc:ID>				<cbc:InvoicedQuantity unitCode="NIU" unitCodeListAgencyName="United Nations Economic Commission for Europe" unitCodeListID="UN/ECE rec 20">2.00</cbc:InvoicedQuantity>		<cbc:LineExtensionAmount currencyID="PEN">76.28</cbc:LineExtensionAmount>					<cac:PricingReference>			 <cac:AlternativeConditionPrice>				<cbc:PriceAmount currencyID="PEN">45.01</cbc:PriceAmount>				<cbc:PriceTypeCode listAgencyName="PE:SUNAT" listName="Tipo de Precio" listURI="urn:pe:gob:sunat:cpe:see:gem:catalogos:catalogo16">01</cbc:PriceTypeCode>			 </cac:AlternativeConditionPrice>		 </cac:PricingReference>  	         <cac:TaxTotal>         <cbc:TaxAmount currencyID="PEN">13.73</cbc:TaxAmount>                                                                                          <cac:TaxSubtotal>			             <cbc:TaxableAmount currencyID="PEN">76.28</cbc:TaxableAmount>                                      <cbc:TaxAmount currencyID="PEN">13.73</cbc:TaxAmount>                        <cac:TaxCategory>                              <cbc:Percent>18.0</cbc:Percent>               			                      <cbc:TaxExemptionReasonCode listAgencyName="PE:SUNAT" listName="Afectacion del IGV" listURI="urn:pe:gob:sunat:cpe:see:gem:catalogos:catalogo07">10                </cbc:TaxExemptionReasonCode>                                                          <cac:TaxScheme>                  <cbc:ID schemeAgencyName="PE:SUNAT" schemeName="Codigo de tributos" schemeURI="urn:pe:gob:sunat:cpe:see:gem:catalogos:catalogo05">1000</cbc:ID>                  <cbc:Name>IGV</cbc:Name>                  <cbc:TaxTypeCode>VAT</cbc:TaxTypeCode>               </cac:TaxScheme>                                     </cac:TaxCategory>                            </cac:TaxSubtotal>               </cac:TaxTotal>	  <cac:Item>         <cbc:Description><![CDATA[PIKE MC 3XL]]></cbc:Description>         <cac:SellersItemIdentification>            <cbc:ID>PIKMC</cbc:ID>         </cac:SellersItemIdentification>      </cac:Item>			 <cac:Price>         <cbc:PriceAmount currencyID="PEN">38.14</cbc:PriceAmount>      </cac:Price>	</cac:InvoiceLine>   </Invoice>